{
  "restaurants": [
    {
      "id": 4,
      "restaurantTitle": "Mogli - new ",
      "restaurantCity": "Delhi 6",
      "restaurantState": "deLhi",
      "starRating": 3.4,
      "imageUrl": "https://i.pinimg.com/originals/03/4f/75/034f75c06a06de6635af8f24b5808096.png"
    },
    {
      "id": 1,
      "restaurantTitle": "Yo china ",
      "restaurantCity": "Mumbai",
      "restaurantState": "Mumbai",
      "starRating": 3.4,
      "imageUrl": "https://i.pinimg.com/originals/03/4f/75/034f75c06a06de6635af8f24b5808096.png"
    }
  ]
}